path,datetime
DSC00003.JPG,2006-05-27T06:12:12+00:00
DSC00004.JPG,2006-05-27T06:13:26+00:00
DSC00005.JPG,2006-05-27T06:14:01+00:00
DSC00006.JPG,2006-05-27T06:14:50+00:00
DSC00007.JPG,2006-05-27T06:16:34+00:00
DSC00008.JPG,2006-05-27T10:33:42+00:00
DSC00009.JPG,2006-05-27T06:11:58+00:00
DSC00010.JPG,2006-05-27T06:16:34+00:00
DSC00011.JPG,2006-05-27T06:14:50+00:00
DSC00012.JPG,2006-05-27T06:14:50+00:00
DSC00013.JPG,2006-05-27T06:12:12+00:00
DSC00014.JPG,2006-05-27T06:12:12+00:00
DSC00015.JPG,2006-05-27T06:14:50+00:00
DSC00016.JPG,2006-05-27T06:14:50+00:00
DSC00342.JPG,2005-07-02T15:19:30+00:00
DSC00346.JPG,2005-07-02T15:25:11+00:00
DSC00350.JPG,2005-07-02T15:29:56+00:00
DSC00351.JPG,2005-07-02T15:30:22+00:00
DSC00365.jpg,2005-07-02T15:46:19+00:00
DSC00366.JPG,2005-07-02T15:46:30+00:00
DSC00367.jpg,2005-07-02T15:46:49+00:00
DSC00379.JPG,2005-07-04T15:33:47+00:00
DSC00380.JPG,2005-07-04T15:34:07+00:00
DSC00381.JPG,2005-07-04T15:34:25+00:00
DSC00382.JPG,2005-07-04T15:34:44+00:00
DSC00383.JPG,2005-07-04T15:35:16+00:00
DSC00384.JPG,2005-07-04T15:35:39+00:00
DSC00385.JPG,2005-07-04T15:36:02+00:00
DSC00386.JPG,2005-07-04T15:37:03+00:00
DSC00387.JPG,2005-07-04T15:37:30+00:00
DSC00388.JPG,2005-07-04T15:37:52+00:00
DSC00389.JPG,2005-07-04T15:38:12+00:00
DSC00390.JPG,2005-07-04T15:38:31+00:00
DSC00391.JPG,2005-07-04T15:38:45+00:00
DSC00392.JPG,2005-07-04T15:39:05+00:00
DSC00393.JPG,2005-07-04T15:39:18+00:00
DSC00394.JPG,2005-07-04T15:39:38+00:00
DSC00395.JPG,2005-07-04T15:39:55+00:00
DSC00396.JPG,2005-07-04T15:40:10+00:00
DSC00397.JPG,2005-07-04T15:43:36+00:00
DSC00399.JPG,2005-07-05T08:00:07+00:00
DSC00400.JPG,2005-07-05T08:00:38+00:00
DSC00401.JPG,2005-07-05T08:00:56+00:00
DSC00402.JPG,2005-07-05T13:33:02+00:00
DSC00403.JPG,2005-07-05T13:34:02+00:00
DSC00407.JPG,2005-07-06T14:47:40+00:00
DSC00408.JPG,2005-07-06T14:48:59+00:00
DSC00411.JPG,2005-07-08T09:18:04+00:00
DSC00412.JPG,2005-07-08T09:18:30+00:00
DSC00420.JPG,2005-07-16T22:01:54+00:00
DSC00424.JPG,2005-07-23T20:58:39+00:00
DSC00426.JPG,2005-07-23T20:59:43+00:00
DSC00429.JPG,2005-07-23T21:42:58+00:00
DSC00430.JPG,2005-07-23T21:43:22+00:00
DSC00431.JPG,2005-07-23T21:43:31+00:00
DSC00432.JPG,2005-07-23T21:43:42+00:00
DSC00433.JPG,2005-07-23T21:43:52+00:00
DSC00434.JPG,2005-07-23T21:44:12+00:00
DSC00435.JPG,2005-07-23T21:45:36+00:00
DSC00943.jpg,2005-11-20T15:43:04+00:00
DSC00944.jpg,2005-11-20T15:43:32+00:00
DSC00945.jpg,2005-11-20T15:43:55+00:00
DSC00946.jpg,2005-11-20T15:47:17+00:00
DSC00980.jpg,2005-11-26T21:44:42+00:00
DSC00981.jpg,2005-11-26T21:44:55+00:00
DSC00982.jpg,2005-11-26T21:45:05+00:00
DSC00983.jpg,2005-11-26T21:45:28+00:00
DSC00984.jpg,2005-11-26T21:45:38+00:00
DSC00985.jpg,2005-11-26T21:46:25+00:00
DSC00988.jpg,2005-11-26T21:48:12+00:00
DSC00989.jpg,2005-11-26T21:48:47+00:00
DSC01001.jpg,2005-11-28T13:43:57+00:00
DSC01008.jpg,2005-11-28T20:14:02+00:00
DSC01009.jpg,2005-11-28T20:14:28+00:00
DSC01010.jpg,2005-12-03T19:44:52+00:00
DSC01011.jpg,2005-12-03T19:45:30+00:00
DSC01012.jpg,2005-12-03T19:45:49+00:00
